price,quantity,condition,language,foil,first_edition,seller,seller_type,country
0.02,3,NM,English,False,False,ilGiocoliere,Professional,Italy
0.02,1,EX,English,False,False,winky-slade,Private,Spain
0.02,4,NM,English,False,False,x-mate,Private,Portugal
0.02,5,EX,English,False,False,Gondorman,Professional,France
0.02,1,EX,English,False,False,Magic-Inferno,Private,Germany
0.02,1,EX,English,False,False,leonin,Private,Belgium
0.02,1,NM,English,False,False,DRACO-TEAM,Private,Spain
0.02,2,NM,English,False,False,Monoblack69,Private,Italy
0.02,2,GD,English,False,False,jennifer48,Private,Netherlands
0.02,1,PO,English,False,False,Overmars,Private,Spain
0.02,2,GD,English,False,False,Ange55,Private,France
0.02,3,NM,English,False,False,dondely,Private,Belgium
0.02,2,EX,English,False,False,daxware,Private,Spain
0.03,1,NM,English,False,False,SwampyMk2,Private,United Kingdom
0.02,1,NM,English,False,False,GamersLair,Private,Belgium
0.02,2,NM,English,False,False,CrisRP,Private,Spain
0.02,1,EX,English,False,False,CrisRP,Private,Spain
0.02,1,NM,English,False,False,petedk,Private,Denmark
0.02,3,NM,English,False,False,targaryen,Private,Spain
0.02,1,NM,English,False,False,HAPPYHOURbycandyman,Private,Portugal
0.02,1,NM,English,False,False,manime110,Private,Netherlands
0.02,2,EX,English,False,False,Mellro,Private,Spain
0.02,3,NM,English,False,False,bigvash18,Private,France
0.02,1,NM,English,False,False,Kelde,Private,France
0.02,3,EX,English,False,False,nomore361,Private,Poland
0.02,1,NM,English,False,False,DavTrog,Private,France
0.03,1,NM,English,False,False,MASNNAC,Private,United Kingdom
0.02,1,NM,English,False,False,Mcmiliman,Private,Germany
0.02,1,NM,English,False,False,ayolan,Private,France
0.02,1,NM,English,False,False,Eawyne,Private,France
0.02,1,EX,English,False,False,zomboy,Private,Ireland
0.02,1,NM,English,False,False,gilderbairn,Private,Spain
0.02,1,NM,English,False,False,MTGcardmarket01,Private,Spain
0.02,4,NM,English,False,False,Fenix135,Private,Spain
0.02,1,NM,English,False,False,Epsilon28,Private,Spain
0.02,2,NM,English,False,False,Najii,Private,Netherlands
0.02,1,NM,English,False,False,Yumas,Private,Spain
0.02,1,NM,English,False,False,Twister-F8,Private,Portugal
0.02,1,NM,English,False,False,nikee40,Private,Latvia
0.02,1,EX,English,False,False,Itoitz,Private,Spain
0.02,1,EX,English,False,False,leboubou3,Private,France
0.02,1,NM,English,False,False,torriko,Private,Spain
0.02,2,NM,English,False,False,AngelR,Private,Italy
0.02,3,NM,English,False,False,tadeo,Private,Spain
0.02,3,NM,English,False,False,Bjepsen,Private,Denmark
0.02,1,NM,English,False,False,Jeovah,Private,Spain
0.02,2,NM,English,False,False,RCTycooner,Private,Belgium
0.02,1,NM,English,False,False,Butterbaron,Private,Italy
0.03,1,NM,English,False,False,Katiewills,Private,United Kingdom
0.02,3,NM,English,False,False,CaptainJax,Private,Denmark
0.02,1,GD,English,False,False,Pokegirl-6TCG-09,Private,France
0.02,1,NM,English,False,False,Ellej,Private,Belgium
0.02,1,NM,English,False,False,TheGrumpyLion,Private,Netherlands
0.02,1,EX,English,False,False,SPoUk,Private,Spain
0.02,1,NM,English,False,False,Winspector,Private,France
0.02,1,EX,English,False,False,vincedubroeucq,Private,France
0.02,3,NM,English,False,False,Blankette,Private,France
0.02,2,NM,English,False,False,carlosmoyo,Private,Spain
0.02,2,NM,English,False,False,alex975513,Private,Spain
0.02,1,EX,English,False,False,Ramzzk,Private,France
0.02,5,EX,English,False,False,Zelimat,Private,France
0.02,5,GD,English,False,False,Zelimat,Private,France
0.03,1,NM,English,False,False,QuestVille-LP,Professional,Greece
0.03,1,EX,English,False,False,LocalProCards,Professional,Greece
0.03,2,GD,English,False,False,OJT50,Professional,France
0.03,1,NM,English,False,False,lauramlg,Private,Spain
0.03,4,NM,English,False,False,geccoo,Private,Belgium
0.03,1,EX,English,False,False,Rukaaaaaa,Private,Portugal
0.03,1,GD,English,False,False,Rabauke-TCG,Professional,Germany
0.03,1,NM,English,False,False,CrabHead,Private,Cyprus
0.03,1,NM,English,False,False,Jorgeibai,Private,Spain
0.03,1,GD,English,False,False,KickTheGoblin,Private,Italy
0.03,1,NM,English,False,False,pagan,Private,Spain
0.03,1,NM,English,False,False,Terranex,Private,Ireland
0.03,1,NM,English,False,False,eltemplotcg,Professional,Spain
0.04,19,NM,English,False,False,samarpan,Professional,Greece
0.04,1,EX,English,False,False,MagicElendra,Professional,Spain
0.04,1,EX,English,False,False,meeples-et-cartes,Professional,France
0.04,1,EX,English,False,False,Mtg-volos,Private,Greece
0.04,4,GD,English,False,False,DemonOni,Professional,Italy
0.04,2,NM,English,False,False,CardMagicianUK,Professional,United Kingdom
0.04,1,NM,English,False,False,ASAPquaso,Private,Germany
0.04,2,EX,English,False,False,jgg85,Private,Spain
0.04,1,EX,English,False,False,pryszczoskor,Private,Ireland
0.04,1,NM,English,False,False,Oban24,Private,France
0.04,3,EX,English,False,False,Kraspek,Private,France
0.04,1,NM,English,False,False,vale46,Private,Switzerland
0.04,2,NM,English,False,False,Reynald92,Private,Italy
0.04,2,NM,English,False,False,vontru,Private,Portugal
0.04,1,NM,English,False,False,Jacob5432,Private,Denmark
0.04,1,NM,English,False,False,ghost77,Private,Germany
0.04,2,EX,English,False,False,KickTheGoblin,Private,Italy
0.04,1,NM,English,False,False,ZekoOnee,Private,Spain
0.04,1,NM,English,False,False,ronan,Private,Belgium
0.04,1,NM,English,False,False,kernel,Private,France
0.05,4,GD,English,False,False,TEMPEST-STORE,Powerseller,Spain
0.05,1,EX,English,False,False,Distritozero-Bilbao,Powerseller,Spain
0.05,8,NM,English,False,False,AceMagicDealer,Professional,Spain
0.05,3,NM,English,False,False,HamelinGames,Professional,Spain
0.05,3,EX,English,False,False,RUBENCASTRO24,Professional,Spain
0.05,1,GD,English,False,False,JOKO,Professional,Spain
0.05,8,NM,English,False,False,AsgardBCN,Professional,Spain
0.05,5,NM,English,False,False,x-mate,Private,Portugal
0.05,2,EX,English,False,False,Moltras,Professional,Hungary
0.05,2,EX,English,False,False,Moltras,Professional,Hungary
0.05,1,NM,English,False,False,latiendecita,Professional,Spain
0.05,4,NM,English,False,False,InfiniteMagicCZ,Professional,Czech Republic
0.05,6,NM,English,False,False,NICOLEGOLAS,Private,Spain
0.05,2,NM,English,False,False,NICOLEGOLAS,Private,Spain
0.05,1,EX,English,False,False,MagicHunters,Professional,Spain
0.05,2,GD,English,False,False,slashrose,Professional,Portugal
0.05,2,NM,English,False,False,mattsagace,Private,France
0.05,3,EX,English,False,False,CrCards,Professional,Spain
0.05,4,NM,English,False,False,tino01,Private,Belgium
0.05,4,NM,English,False,False,hefaistos,Professional,Netherlands
0.05,1,EX,English,False,False,Le-royaume-de-Serra,Professional,France
0.05,3,EX,English,False,False,jennifer48,Private,Netherlands
0.05,2,NM,English,False,False,meeples-et-cartes,Professional,France
0.05,1,EX,English,False,False,Ange55,Private,France
0.05,2,NM,English,False,False,black-cat,Private,Belgium
0.05,1,EX,English,False,False,onnkell,Private,Germany
0.05,2,NM,English,False,False,hotshot162,Private,Belgium
0.05,1,NM,Japanese,False,False,hotshot162,Private,Belgium
0.05,1,EX,English,False,False,MisstepGames,Professional,Portugal
0.05,1,EX,English,False,False,Thorbias,Private,Germany
0.05,1,EX,English,False,False,NoDrummer,Private,Germany
0.05,4,NM,English,False,False,ptitgruick,Private,France
0.05,1,NM,English,False,False,emab81-snc,Professional,Italy
0.05,5,NM,English,False,False,SamBK,Private,France
0.05,1,EX,English,False,False,PugsVault,Professional,Italy
0.05,2,EX,English,False,False,Girltjuh1991,Private,Netherlands
0.05,4,NM,English,False,False,HAPPYHOURbycandyman,Private,Portugal
0.05,5,NM,English,False,False,OkidoCards,Private,Belgium
0.05,2,EX,English,False,False,stefankleijwegt,Private,Netherlands
0.05,1,NM,English,False,False,Yrkoon,Private,Germany
0.05,1,NM,English,False,False,nomore361,Private,Poland
0.05,1,EX,English,False,False,Luca11rise,Private,Italy
0.05,1,NM,English,False,False,dropesr,Private,Spain
0.05,1,GD,English,False,False,rakerone,Private,Germany
0.05,1,NM,English,False,False,SrGrin,Private,Spain
0.05,1,EX,English,False,False,Valleysboy,Private,United Kingdom
0.05,2,NM,English,False,False,WhippyDoubloon,Private,United Kingdom
0.05,1,NM,English,False,False,Benben78,Private,Netherlands
0.05,1,NM,English,False,False,Cymorile,Private,France
0.05,1,NM,English,False,False,DiegoMansoMartin,Private,Spain
0.05,1,EX,English,False,False,Poxhorio,Private,Germany
0.05,1,EX,English,False,False,makotomonaka,Private,Spain
0.05,1,NM,English,False,False,MagicCreston,Private,Spain
0.05,1,NM,English,False,False,TyTy03,Private,France
0.05,1,NM,English,False,False,Shundaime,Private,France
0.05,2,NM,English,False,False,skaandelper,Private,Belgium
0.05,1,NM,English,False,False,Jirky,Private,Czech Republic
0.05,4,NM,English,False,False,lgv81,Private,Spain
0.05,1,NM,English,False,False,Schlaubi,Private,Germany
0.05,1,NM,English,False,False,daniel11,Private,Denmark
0.05,2,NM,English,False,False,zicobit,Private,Spain
0.05,2,NM,English,False,False,Grobbs,Private,Spain
0.05,1,NM,English,False,False,Erceus,Private,France
0.05,2,EX,English,False,False,fantasyterry,Private,France
0.05,4,NM,English,False,False,D-Ruiz,Private,Spain
0.05,1,EX,English,False,False,renehoffmans,Private,Netherlands
0.05,4,NM,English,False,False,Squall1571,Private,France
0.05,1,NM,English,False,False,SkMeister,Private,Italy
0.05,2,NM,English,False,False,Jacek,Private,Poland
0.05,1,NM,English,False,False,georgeleeh,Private,United Kingdom
0.05,1,NM,English,True,False,Sethim,Private,France
0.05,3,NM,English,False,False,CashCowCards,Private,Netherlands
0.05,1,NM,English,False,False,EpicCards89,Private,Germany
0.05,1,NM,English,False,False,ealentir,Private,Spain
0.05,1,EX,English,False,False,SakuraCards,Professional,Spain
0.05,2,NM,English,False,False,Veproknedlik,Private,Czech Republic
0.05,1,NM,English,False,False,bazzman,Private,Netherlands
0.05,1,EX,English,False,False,Si7en,Private,Italy
0.05,1,NM,English,False,False,RozeBipsje,Private,Netherlands
0.05,2,EX,English,False,False,Frostpaulo,Private,France
0.05,1,NM,English,False,False,Khironn,Private,Netherlands
0.05,1,NM,English,False,False,DoubleDTV,Private,Germany
0.06,1,NM,Japanese,False,False,samarpan,Professional,Greece
0.06,3,EX,English,False,False,pille04,Professional,Germany
0.06,3,EX,English,False,False,MAGIC-LIUK,Professional,Italy
0.06,1,MT,English,False,False,Dinis,Private,Portugal
0.06,4,EX,English,False,False,AltdorGames,Professional,Greece
0.06,1,NM,English,False,False,beetle56,Professional,Spain
0.06,2,EX,English,False,False,BelieveGames,Private,United Kingdom
0.06,1,NM,English,False,False,Mephist1982,Private,Portugal
0.06,1,MT,English,False,False,badsepuku,Private,France
0.06,1,EX,English,False,False,stoffel6969,Private,Belgium
0.06,1,NM,English,False,False,MorpheusTheCaptain,Private,Germany
0.06,1,EX,English,False,False,AlanLyonCommander,Private,France
0.06,1,NM,English,False,False,Jmagix13,Private,United Kingdom
0.06,2,NM,English,False,False,Uruk666,Private,Spain
0.07,8,NM,English,False,False,Sorcith,Professional,Spain
0.07,1,EX,English,False,False,hefaistos,Professional,Netherlands
0.07,4,EX,English,False,False,Kumpel-Trading,Professional,Germany
0.07,6,NM,English,False,False,KeineAhnung2,Professional,Germany
0.07,1,NM,English,False,False,Zesotar,Private,Spain
0.07,1,NM,English,False,False,tradingcards-world,Private,Germany
0.07,1,NM,English,False,False,tradingcards-world,Private,Germany
0.07,1,NM,English,False,False,tradingcards-world,Private,Germany
0.07,2,EX,English,False,False,ermaam,Private,Spain
0.08,21,NM,English,False,False,Eurekagames,Professional,Spain
0.08,8,NM,English,False,False,AceMagicDealer,Professional,Spain
0.08,4,EX,English,False,False,Rofellos,Private,Germany
0.08,4,EX,English,False,False,Angeli-e-Draghi,Professional,Italy
0.08,2,NM,English,False,False,Spellfactory,Professional,France
0.08,3,EX,English,False,False,InfiniteMagicCZ,Professional,Czech Republic
0.08,1,EX,English,False,False,DFKerkyra,Professional,Greece
0.08,2,NM,English,False,False,CrCards,Professional,Spain
0.08,2,NM,English,False,False,LuisLlana,Private,Spain
0.08,4,NM,English,False,False,Manascrew,Professional,Greece
0.08,16,EX,English,False,False,Farbenfinsternis,Private,Germany
0.08,1,NM,English,False,False,Montilian,Professional,Germany
0.09,1,EX,English,False,False,mrtcrazyfoo,Private,United Kingdom
0.08,2,EX,English,True,False,Secondlife,Professional,Italy
0.08,9,NM,English,False,False,NieChri,Private,Germany
0.08,1,NM,English,False,False,youngt92,Private,Switzerland
0.08,1,NM,English,True,False,eMMMe-MultiMarket,Professional,Italy
0.08,1,NM,English,False,False,Sidney49,Private,Switzerland
0.08,2,NM,English,False,False,Rasth,Private,Spain
0.08,4,NM,English,False,False,nestor6587,Private,France
0.08,1,EX,English,False,False,darealtomtom,Private,Austria
0.08,1,GD,English,False,False,PookySeinAccount,Private,Germany
0.08,1,NM,English,False,False,Akronuo,Private,Spain
0.08,1,MT,English,False,False,jvivess,Private,Spain
0.09,1,EX,English,True,False,Hobby-Games,Powerseller,Greece
0.09,4,NM,English,True,False,Hobby-Games,Powerseller,Greece
0.09,4,NM,English,False,False,MTGTopdecker,Professional,Greece
0.09,4,NM,English,False,False,Moria05,Powerseller,Spain
0.09,6,EX,English,False,False,Levodin,Professional,Spain
0.09,2,EX,English,False,False,Kavoldox,Professional,France
0.09,4,NM,English,False,False,latana-tr,Professional,Italy
0.09,2,NM,English,False,False,LazyDragonGaming,Professional,United Kingdom
0.09,1,GD,English,False,False,InvestMagicLand,Professional,Czech Republic
0.09,1,NM,English,False,False,Mochi-Gaming,Professional,Germany
0.09,1,NM,English,False,False,Kakturion,Professional,Germany
0.09,2,GD,English,False,False,pablobeni,Private,Spain
0.09,1,NM,English,False,False,lebreu,Private,Portugal
0.09,5,NM,English,False,False,Zaki23,Private,Greece
0.09,13,NM,English,False,False,Goldberg90,Private,Switzerland
0.09,1,EX,English,False,False,CoreGames,Professional,Germany
0.09,1,EX,English,True,False,Luca11rise,Private,Italy
0.09,2,EX,English,False,False,onecardtcgstore,Professional,Italy
0.09,2,NM,English,False,False,ghiggimime,Private,Italy
0.09,1,NM,English,False,False,Patternless,Private,Switzerland
0.09,1,NM,English,False,False,OneMTG,Private,Portugal
0.09,1,NM,English,True,False,Jacethesculptor,Private,Italy
0.09,2,EX,English,False,False,rwalberg,Private,Finland
0.1,4,EX,English,False,False,MagicBarcelona,Powerseller,Spain
0.1,1,LP,English,True,False,TEMPEST-STORE,Powerseller,Spain
0.1,8,EX,English,False,False,TEMPEST-STORE,Powerseller,Spain
0.1,8,NM,English,False,False,willybizarre,Powerseller,Spain
0.1,20,NM,English,False,False,voodoo-pt,Powerseller,Portugal
0.1,1,EX,English,False,False,Itaca,Powerseller,Spain
0.1,4,NM,English,False,False,Itaca,Powerseller,Spain
0.1,1,NM,Japanese,False,False,Itaca,Powerseller,Spain
0.1,8,EX,English,False,False,Ollis-Spielecenter,Professional,Germany
0.1,4,GD,English,False,False,GENEXCOMICS,Professional,Spain
0.1,2,EX,English,False,False,Parence-com,Professional,France
0.1,8,NM,English,False,False,AceMagicDealer,Professional,Spain
0.1,2,NM,English,False,False,ledouble6,Professional,France
0.1,1,EX,English,True,False,Gamestower,Professional,Luxembourg
0.1,3,EX,English,False,False,Psiakowy,Professional,Poland
0.1,4,NM,English,False,False,Mordor,Professional,Greece
0.1,9,EX,English,False,False,jmskns69,Professional,Estonia
0.1,1,NM,English,True,False,QuestVille-LP,Professional,Greece
0.1,7,EX,English,False,False,Ishan,Professional,Croatia
0.1,1,GD,English,True,False,devric,Professional,Portugal
0.1,1,NM,English,False,False,theNecromancer,Professional,Austria
0.1,2,EX,English,True,False,RUBENCASTRO24,Professional,Spain
0.1,2,EX,English,False,False,winky-slade,Private,Spain
0.1,1,EX,English,False,False,winky-slade,Private,Spain
0.1,1,EX,English,False,False,mundomagicfantasy,Professional,Spain
0.1,1,EX,English,True,False,NiceMTG,Professional,Spain
0.1,4,EX,English,False,False,StargateMO,Professional,Italy
0.1,3,NM,English,False,False,TolarianAcademy,Professional,Italy
0.1,2,EX,English,False,False,Cardfreaks,Professional,Switzerland
0.1,2,NM,English,False,False,DFKerkyra,Professional,Greece
0.1,3,NM,English,False,False,asdru85,Private,Spain
0.1,1,GD,English,False,False,Mobsi,Professional,Germany
0.1,1,NM,English,False,False,Sooksred,Private,United Kingdom
0.1,4,NM,English,False,False,leonin,Private,Belgium
0.1,1,EX,English,False,False,Beale,Professional,Spain
0.1,1,EX,English,True,False,Rawcast,Professional,Greece
0.1,1,EX,English,False,False,cromwel,Professional,France
0.1,3,NM,English,False,False,cromwel,Professional,France
0.1,1,NM,English,False,False,yannloison13,Professional,France
0.1,3,EX,English,True,False,AFGAMES,Professional,Italy
0.1,1,NM,English,False,False,wolferlmart,Private,Germany
0.1,1,EX,English,False,False,Guiropa,Private,Spain
0.1,1,NM,English,False,False,Ange55,Private,France
0.1,4,EX,English,False,False,Plan-SzaPL,Professional,Poland
0.1,3,NM,English,False,False,EstusGames-Fucecchio,Professional,Italy
0.1,2,EX,English,False,False,sjeroek,Private,Belgium
0.1,4,NM,English,False,False,AltdorGames,Professional,Greece
0.1,1,NM,English,False,False,Craftfeld,Private,Germany
0.1,1,NM,English,False,False,AVATAR-PL,Professional,Poland
0.1,1,NM,English,False,False,Alkemya,Private,France
0.1,4,NM,English,False,False,LeonardKaarls,Private,Netherlands
0.1,2,NM,English,False,False,card-universe,Professional,Italy
0.1,1,EX,English,True,False,petedk,Private,Denmark
